user_id,age,gender,isbn
1,25,Male,9789551319182
1,25,Male,9558415545
1,25,Male,9789550201402
2,34,Female,9789558415436
2,34,Female,9786246586195
2,34,Female,9789551596187
3,41,Male,9786245572519
3,41,Male,9551468031
3,41,Male,9786246523053
4,28,Female,9786245577200
4,28,Female,9789554690073
4,28,Female,9789553727534
5,37,Male,9558415545
5,37,Male,9789555734844
5,37,Male,9789551311445
6,52,Female,9789550201587
6,52,Female,9786249468706
6,52,Female,9789558415436
7,29,Male,9789550201587
7,29,Male,9789552900945
7,29,Male,9786245572847
8,23,Female,9789559535690
8,23,Female,9789552903403
8,23,Female,9789553128942
9,30,Male,9789555734844
9,30,Male,9789551589159
9,30,Male,9786246103224
10,42,Female,9789550201389
10,42,Female,9786246451660
10,42,Female,9789552132605
11,33,Male,9789556972726
11,33,Male,9786246586195
11,33,Male,9789552130458
12,36,Female,9789551116538
12,36,Female,9789556553062
12,36,Female,9786246566619
13,27,Male,9789550201396
13,27,Male,9789553727640
13,27,Male,9789552130489
14,39,Female,9789556585174
14,39,Female,9786246585150
14,39,Female,9789553105707
15,45,Male,9786249451666
15,45,Male,9789550201631
15,45,Male,9789553727640
16,24,Female,9789556970753
16,24,Female,9786246539288
16,24,Female,9786246586195
17,31,Male,9789556712797
17,31,Male,9789550589159
17,31,Male,9789556585174
18,46,Female,9789556550467
18,46,Female,9786249451753
18,46,Female,9789553105707
19,38,Male,9786249403663
19,38,Male,9789556810271
19,38,Male,9786245941803
20,43,Female,9786246585174
20,43,Female,9789553105707
20,43,Female,9789553128119
21,22,Male,9786249468706
21,22,Male,9789556708709
21,22,Male,9789553300157
22,35,Female,9789553727640
22,35,Female,9786246586331
22,35,Female,9789555734844
23,28,Male,9786245577200
23,28,Male,9786245969067
23,28,Male,9786246468706
24,48,Female,9789556553062
24,48,Female,9786246586331
24,48,Female,9786245941803
25,40,Male,9789551116538
25,40,Male,9786245941827
25,40,Male,9789550971565
26,29,Female,9789553128119
26,29,Female,9786242042008
26,29,Female,9786246451677
27,50,Male,9786245673247
27,50,Male,9786245572519
27,50,Male,9786246585174
28,32,Female,9786242041896
28,32,Female,9789556981565
28,32,Female,9789553105707
29,27,Male,9789553105707
29,27,Male,9789556810271
29,27,Male,9789550527849
30,53,Female,9789553105707
30,53,Female,9786245673216
30,53,Female,9789555585147
31,38,Male,9786246523053
31,38,Male,9789552903403
31,38,Male,9786242041957
32,26,Female,9789551088574
32,26,Female,9786246585150
32,26,Female,9789553105707
33,47,Male,9789556528831
33,47,Male,9789556811687
33,47,Male,9789553105707
34,31,Female,9789553128942
34,31,Female,9786246586195
34,31,Female,9789553105707
35,25,Male,9786245999491
35,25,Male,9789556901606
35,25,Male,9786249468706
36,44,Female,9786246468716
36,44,Female,9789556810271
36,44,Female,9789553105707
37,29,Male,9789553105707
37,29,Male,9789555539845
37,29,Male,9786246523053
38,37,Female,9786249403663
38,37,Female,9789553105707
38,37,Female,9786249468706
39,24,Male,9789555549275
39,24,Male,9786242042008
39,24,Male,9789553105707
40,54,Female,9786249403663
40,54,Female,9789553105707
40,54,Female,9786246586331
41,30,Male,9789553105707
41,30,Male,9786246586195
41,30,Male,9786249468706
42,35,Female,9786246585174
42,35,Female,9789553105707
42,35,Female,9789555525883
43,39,Male,9786246523053
43,39,Male,9786245577200
43,39,Male,9789553105707
44,50,Female,9786245941827
44,50,Female,9786249468706
44,50,Female,9789553105707
45,41,Male,9786246523053
45,41,Male,9789556810271
45,41,Male,9786246586331
46,22,Female,9786249403663
46,22,Female,9789553105707
46,22,Female,9789553128942
47,33,Male,9789553105707
47,33,Male,9786246523053
47,33,Male,9786246586331
48,25,Female,9786246523053
48,25,Female,9789553105707
48,25,Female,9789553128942
49,31,Male,9789553128942
49,31,Male,9786245577200
49,31,Male,9789553105707
50,45,Female,9789553105707
50,45,Female,9786246585150
50,45,Female,9786246523053
51,52,Male,9786249468706
51,52,Male,9789553105707
51,52,Male,9789553128942
52,34,Female,9786246586331
52,34,Female,9789553105707
52,34,Female,9786246523053
53,29,Male,9786246585150
53,29,Male,9789553105707
53,29,Male,9786249468706
54,28,Female,9786246523053
54,28,Female,9789553105707
54,28,Female,9786246585150
55,36,Male,9789553105707
55,36,Male,9786246523053
55,36,Male,9786245577200
56,23,Female,9789553105707
56,23,Female,9786246585174
56,23,Female,9786246523053
57,40,Male,9786249468706
57,40,Male,9789553105707
57,40,Male,9789553128942
58,30,Female,9786246523053
58,30,Female,9786249468706
58,30,Female,9789553105707
59,43,Male,9786246586195
59,43,Male,9789553105707
59,43,Male,9786249468706
60,49,Female,9786246586195
60,49,Female,9789553105707
60,49,Female,9786249468706
